#SampleID	Exp1A1_prefix.assembled_metaphlan_bugs_list	Exp1A2_prefix.assembled_metaphlan_bugs_list	Exp1AS1_prefix.assembled_metaphlan_bugs_list	Exp1AS2_prefix.assembled_metaphlan_bugs_list	Exp1C1_prefix.assembled_metaphlan_bugs_list	Exp1C2_prefix.assembled_metaphlan_bugs_list	Exp1S1_prefix.assembled_metaphlan_bugs_list	Exp1S2_prefix.assembled_metaphlan_bugs_list	Exp2A1_prefix.assembled_metaphlan_bugs_list	Exp2A2_prefix.assembled_metaphlan_bugs_list	Exp2AS1_prefix.assembled_metaphlan_bugs_list	Exp2AS2_prefix.assembled_metaphlan_bugs_list	Exp2C1New.assembled_metaphlan_bugs_list	Exp2C2_prefix.assembled_metaphlan_bugs_list	Exp2S1_prefix.assembled_metaphlan_bugs_list	Exp2S2_prefix.assembled_metaphlan_bugs_list	Exp3A1_prefix.assembled_metaphlan_bugs_list	Exp3A2_prefix.assembled_metaphlan_bugs_list	Exp3AS1_prefix.assembled_metaphlan_bugs_list	Exp3AS2_prefix.assembled_metaphlan_bugs_list	Exp3C1_prefix.assembled_metaphlan_bugs_list	Exp3C2_prefix.assembled_metaphlan_bugs_list	Exp3S1_prefix.assembled_metaphlan_bugs_list	Exp3S2_prefix.assembled_metaphlan_bugs_list
k__Archaea	0	0	0	0	0	0	0	0	0	0.00736	0.01541	0.00969	0.02621	0.00864	0.00193	0.01034	0.0817	0.07959	0.03871	0.05221	0.09549	0.0373	0.0193	0.03539
k__Archaea|p__Euryarchaeota	0	0	0	0	0	0	0	0	0	0.00736	0.01541	0.00969	0.02621	0.00864	0.00193	0.01034	0.0817	0.07959	0.03871	0.05221	0.09549	0.0373	0.0193	0.03539
k__Archaea|p__Euryarchaeota|c__Methanobacteria	0	0	0	0	0	0	0	0	0	0.00736	0.01541	0.00969	0.02621	0.00864	0.00193	0.01034	0.0817	0.07959	0.03871	0.05221	0.09549	0.0373	0.0193	0.03539
k__Archaea|p__Euryarchaeota|c__Methanobacteria|o__Methanobacteriales	0	0	0	0	0	0	0	0	0	0.00736	0.01541	0.00969	0.02621	0.00864	0.00193	0.01034	0.0817	0.07959	0.03871	0.05221	0.09549	0.0373	0.0193	0.03539
k__Archaea|p__Euryarchaeota|c__Methanobacteria|o__Methanobacteriales|f__Methanobacteriaceae	0	0	0	0	0	0	0	0	0	0.00736	0.01541	0.00969	0.02621	0.00864	0.00193	0.01034	0.0817	0.07959	0.03871	0.05221	0.09549	0.0373	0.0193	0.03539
k__Archaea|p__Euryarchaeota|c__Methanobacteria|o__Methanobacteriales|f__Methanobacteriaceae|g__Methanobrevibacter	0	0	0	0	0	0	0	0	0	0.00736	0.01541	0.00969	0.02621	0.00864	0.00193	0.01034	0.0817	0.07959	0.03871	0.05221	0.09549	0.0373	0.0193	0.03539
k__Archaea|p__Euryarchaeota|c__Methanobacteria|o__Methanobacteriales|f__Methanobacteriaceae|g__Methanobrevibacter|s__Methanobrevibacter_smithii	0	0	0	0	0	0	0	0	0	0.00736	0.00625	0	0.01417	0.00864	0.00193	0	0.0638	0.07959	0.03871	0.04986	0.09038	0.00712	0.0156	0.0201
k__Archaea|p__Euryarchaeota|c__Methanobacteria|o__Methanobacteriales|f__Methanobacteriaceae|g__Methanobrevibacter|s__Methanobrevibacter_smithii|t__Methanobrevibacter_smithii_unclassified	0	0	0	0	0	0	0	0	0	0.00736	0.00625	0	0.01417	0.00864	0.00193	0	0.0638	0.07959	0.03871	0.04986	0.09038	0.00712	0.0156	0.0201
k__Archaea|p__Euryarchaeota|c__Methanobacteria|o__Methanobacteriales|f__Methanobacteriaceae|g__Methanobrevibacter|s__Methanobrevibacter_unclassified	0	0	0	0	0	0	0	0	0	0	0.00916	0.00969	0.01204	0	0	0.01034	0.0179	0	0	0.00235	0.00512	0.03018	0.00369	0.0153
k__Bacteria	99.79214	100.0	91.69752	92.89451	99.99877	100.0	100.0	100.0	100.0	99.99264	71.24321	79.61142	99.97379	99.99136	99.99807	99.98966	99.9183	99.92041	77.20504	79.06977	99.90451	99.9627	99.9807	99.96461
k__Bacteria|p__Actinobacteria	76.39182	78.94463	76.47759	77.551	79.36561	79.30464	82.19778	82.76877	56.13268	68.97526	58.85951	70.48816	55.41033	50.55079	90.04915	87.64835	77.93537	79.02338	63.66824	66.05197	78.20141	79.48014	83.55841	83.62605
k__Bacteria|p__Actinobacteria|c__Actinobacteria	76.39182	78.94463	76.47759	77.551	79.36561	79.30464	82.19778	82.76877	56.13268	68.97526	58.85951	70.48816	55.41033	50.55079	90.04915	87.64835	77.93537	79.02338	63.66824	66.05197	78.20141	79.48014	83.55841	83.62605
k__Bacteria|p__Actinobacteria|c__Actinobacteria|o__Bifidobacteriales	76.36387	78.91642	76.45829	77.53117	79.33906	79.27781	82.17827	82.76484	56.07734	68.86708	58.84084	70.45912	55.3569	50.48295	90.02249	87.62111	77.93144	79.01917	63.66824	66.05197	78.19135	79.47558	83.55545	83.62605
k__Bacteria|p__Actinobacteria|c__Actinobacteria|o__Bifidobacteriales|f__Bifidobacteriaceae	76.36387	78.91642	76.45829	77.53117	79.33906	79.27781	82.17827	82.76484	56.07734	68.86708	58.84084	70.45912	55.3569	50.48295	90.02249	87.62111	77.93144	79.01917	63.66824	66.05197	78.19135	79.47558	83.55545	83.62605
k__Bacteria|p__Actinobacteria|c__Actinobacteria|o__Bifidobacteriales|f__Bifidobacteriaceae|g__Alloscardovia	0.03032	0.01545	0.02853	0.02434	0.02504	0.04227	0.03294	0.04239	0	0	0	0	0	0	0	0	0.04663	0.01203	0.00551	0	0.0295	0.0082	0.00056	0
k__Bacteria|p__Actinobacteria|c__Actinobacteria|o__Bifidobacteriales|f__Bifidobacteriaceae|g__Alloscardovia|s__Alloscardovia_omnicolens	0.03032	0.01545	0.02853	0.02434	0.02504	0.04227	0.03294	0.04239	0	0	0	0	0	0	0	0	0.04663	0.01203	0.00551	0	0.0295	0.0082	0.00056	0
k__Bacteria|p__Actinobacteria|c__Actinobacteria|o__Bifidobacteriales|f__Bifidobacteriaceae|g__Alloscardovia|s__Alloscardovia_omnicolens|t__Alloscardovia_omnicolens_unclassified	0.03032	0.01545	0.02853	0.02434	0.02504	0.04227	0.03294	0.04239	0	0	0	0	0	0	0	0	0.04663	0.01203	0.00551	0	0.0295	0.0082	0.00056	0
k__Bacteria|p__Actinobacteria|c__Actinobacteria|o__Bifidobacteriales|f__Bifidobacteriaceae|g__Bifidobacterium	76.33355	78.90097	76.42976	77.50683	79.31402	79.23554	82.14533	82.72245	56.07734	68.86493	58.84021	70.45912	55.34022	50.48295	90.02249	87.62111	77.88481	79.00714	63.66273	66.05197	78.16185	79.46738	83.55489	83.62605
k__Bacteria|p__Actinobacteria|c__Actinobacteria|o__Bifidobacteriales|f__Bifidobacteriaceae|g__Bifidobacterium|s__Bifidobacterium_adolescentis	67.76063	70.27172	72.12664	74.36121	72.18637	72.24791	77.99408	78.68741	56.00672	68.75979	58.22983	69.74768	55.26217	50.41188	89.14193	86.83732	55.37596	58.16412	40.34054	40.50713	56.59036	58.14072	53.59325	53.69289
k__Bacteria|p__Actinobacteria|c__Actinobacteria|o__Bifidobacteriales|f__Bifidobacteriaceae|g__Bifidobacterium|s__Bifidobacterium_adolescentis|t__Bifidobacterium_adolescentis_unclassified	67.76063	70.27172	72.12664	74.36121	72.18637	72.24791	77.99408	78.68741	56.00672	68.75979	58.22983	69.74768	55.26217	50.41188	89.14193	86.83732	55.37596	58.16412	40.34054	40.50713	56.59036	58.14072	53.59325	53.69289
k__Bacteria|p__Actinobacteria|c__Actinobacteria|o__Bifidobacteriales|f__Bifidobacteriaceae|g__Bifidobacterium|s__Bifidobacterium_angulatum	4.43441	4.57774	1.62177	0.90504	3.74391	3.4709	1.58113	1.4065	0	0	0	0	0	0	0	0	0	0	0	0	0	0	0	0
k__Bacteria|p__Actinobacteria|c__Actinobacteria|o__Bifidobacteriales|f__Bifidobacteriaceae|g__Bifidobacterium|s__Bifidobacterium_angulatum|t__GCF_000156635	4.43441	4.57774	1.62177	0.90504	3.74391	3.4709	1.58113	1.4065	0	0	0	0	0	0	0	0	0	0	0	0	0	0	0	0
k__Bacteria|p__Actinobacteria|c__Actinobacteria|o__Bifidobacteriales|f__Bifidobacteriaceae|g__Bifidobacterium|s__Bifidobacterium_animalis	0.6659	0.58569	0.26315	0.22723	0.57321	0.52543	0.28297	0.29027	0	0	0	0	0	0	0	0	0	0	0	0	0	0	0	0
k__Bacteria|p__Actinobacteria|c__Actinobacteria|o__Bifidobacteriales|f__Bifidobacteriaceae|g__Bifidobacterium|s__Bifidobacterium_animalis|t__Bifidobacterium_animalis_unclassified	0.6659	0.58569	0.26315	0.22723	0.57321	0.52543	0.28297	0.29027	0	0	0	0	0	0	0	0	0	0	0	0	0	0	0	0
k__Bacteria|p__Actinobacteria|c__Actinobacteria|o__Bifidobacteriales|f__Bifidobacteriaceae|g__Bifidobacterium|s__Bifidobacterium_catenulatum	0	0	0	0	0	0	0	0	0	0	0	0	0	0	0	0	17.28178	14.55726	20.24238	21.93729	15.1997	16.13296	25.96547	25.7983
k__Bacteria|p__Actinobacteria|c__Actinobacteria|o__Bifidobacteriales|f__Bifidobacteriaceae|g__Bifidobacterium|s__Bifidobacterium_catenulatum|t__GCF_000173455	0	0	0	0	0	0	0	0	0	0	0	0	0	0	0	0	17.28178	14.55726	20.24238	21.93729	15.1997	16.13296	25.96547	25.7983
k__Bacteria|p__Actinobacteria|c__Actinobacteria|o__Bifidobacteriales|f__Bifidobacteriaceae|g__Bifidobacterium|s__Bifidobacterium_dentium	0	0	0	0	0	0	0	0	0	0	0	0	0	0	0	0	0.00162	0	0	0	0.00835	0	0	0
k__Bacteria|p__Actinobacteria|c__Actinobacteria|o__Bifidobacteriales|f__Bifidobacteriaceae|g__Bifidobacterium|s__Bifidobacterium_dentium|t__Bifidobacterium_dentium_unclassified	0	0	0	0	0	0	0	0	0	0	0	0	0	0	0	0	0.00162	0	0	0	0.00835	0	0	0
k__Bacteria|p__Actinobacteria|c__Actinobacteria|o__Bifidobacteriales|f__Bifidobacteriaceae|g__Bifidobacterium|s__Bifidobacterium_longum	3.47261	3.46581	2.4182	2.01334	2.81052	2.99129	2.28715	2.33826	0.03485	0.03885	0.53288	0.62504	0.04456	0.02844	0.79449	0.72551	5.22545	6.28576	3.07981	3.60756	6.36345	5.19371	3.99616	4.13486
k__Bacteria|p__Actinobacteria|c__Actinobacteria|o__Bifidobacteriales|f__Bifidobacteriaceae|g__Bifidobacterium|s__Bifidobacterium_longum|t__Bifidobacterium_longum_unclassified	3.47261	3.46581	2.4182	2.01334	2.81052	2.99129	2.28715	2.33826	0.03485	0.03885	0.53288	0.62504	0.04456	0.02844	0.79449	0.72551	5.22545	6.28576	3.07981	3.60756	6.36345	5.19371	3.99616	4.13486
k__Bacteria|p__Actinobacteria|c__Actinobacteria|o__Bifidobacteriales|f__Bifidobacteriaceae|g__Bifidobacterium|s__Bifidobacterium_pseudocatenulatum	0	0	0	0	0	0	0	0	0.03577	0.06629	0.0775	0.08639	0.03349	0.04262	0.08607	0.05827	0	0	0	0	0	0	0	0
k__Bacteria|p__Actinobacteria|c__Actinobacteria|o__Bifidobacteriales|f__Bifidobacteriaceae|g__Bifidobacterium|s__Bifidobacterium_pseudocatenulatum|t__GCF_000173435	0	0	0	0	0	0	0	0	0.03577	0.06629	0.0775	0.08639	0.03349	0.04262	0.08607	0.05827	0	0	0	0	0	0	0	0
k__Bacteria|p__Actinobacteria|c__Actinobacteria|o__Bifidobacteriales|f__Bifidobacteriaceae|g__Gardnerella	0	0	0	0	0	0	0	0	0	0.00215	0.00063	0	0.01668	0	0	0	0	0	0	0	0	0	0	0
k__Bacteria|p__Actinobacteria|c__Actinobacteria|o__Bifidobacteriales|f__Bifidobacteriaceae|g__Gardnerella|s__Gardnerella_vaginalis	0	0	0	0	0	0	0	0	0	0.00215	0.00063	0	0.01668	0	0	0	0	0	0	0	0	0	0	0
k__Bacteria|p__Actinobacteria|c__Actinobacteria|o__Bifidobacteriales|f__Bifidobacteriaceae|g__Gardnerella|s__Gardnerella_vaginalis|t__Gardnerella_vaginalis_unclassified	0	0	0	0	0	0	0	0	0	0.00215	0.00063	0	0.01668	0	0	0	0	0	0	0	0	0	0	0
k__Bacteria|p__Actinobacteria|c__Actinobacteria|o__Coriobacteriales	0.02795	0.02821	0.0193	0.01983	0.02655	0.02684	0.01951	0.00393	0.05534	0.10818	0.01867	0.02904	0.05343	0.06785	0.02666	0.02724	0.00394	0.0042	0	0	0.01006	0.00455	0.00296	0
k__Bacteria|p__Actinobacteria|c__Actinobacteria|o__Coriobacteriales|f__Coriobacteriaceae	0.02795	0.02821	0.0193	0.01983	0.02655	0.02684	0.01951	0.00393	0.05534	0.10818	0.01867	0.02904	0.05343	0.06785	0.02666	0.02724	0.00394	0.0042	0	0	0.01006	0.00455	0.00296	0
k__Bacteria|p__Actinobacteria|c__Actinobacteria|o__Coriobacteriales|f__Coriobacteriaceae|g__Collinsella	0.02795	0.02821	0.0193	0.01983	0.02655	0.02684	0.01951	0.00393	0.05534	0.10818	0.01867	0.02904	0.05343	0.06785	0.02666	0.02724	0.00394	0.0042	0	0	0.01006	0.00455	0.00296	0
k__Bacteria|p__Actinobacteria|c__Actinobacteria|o__Coriobacteriales|f__Coriobacteriaceae|g__Collinsella|s__Collinsella_aerofaciens	0.02795	0.02821	0.0193	0.01983	0.02655	0.02684	0.01951	0.00393	0.05534	0.10818	0.01867	0.02904	0.05343	0.06785	0.02666	0.02724	0.00394	0.0042	0	0	0.01006	0.00455	0.00296	0
k__Bacteria|p__Actinobacteria|c__Actinobacteria|o__Coriobacteriales|f__Coriobacteriaceae|g__Collinsella|s__Collinsella_aerofaciens|t__GCF_000169035	0.02795	0.02821	0.0193	0.01983	0.02655	0.02684	0.01951	0.00393	0.05534	0.10818	0.01867	0.02904	0.05343	0.06785	0.02666	0.02724	0.00394	0.0042	0	0	0.01006	0.00455	0.00296	0
k__Bacteria|p__Bacteroidetes	0.20324	0.13333	0.12576	0.11531	0.13043	0.12507	0.12497	0.11666	0.14872	0.07612	0.05406	0.05706	0.10376	0.14413	0.07383	0.07552	0.11335	0.12212	0.06625	0.09673	0.13788	0.0916	0.13298	0.09499
k__Bacteria|p__Bacteroidetes|c__Bacteroidia	0.20324	0.13333	0.12576	0.11531	0.13043	0.12507	0.12497	0.11666	0.14872	0.07612	0.05406	0.05706	0.10376	0.14413	0.07383	0.07552	0.11335	0.12212	0.06625	0.09673	0.13788	0.0916	0.13298	0.09499
k__Bacteria|p__Bacteroidetes|c__Bacteroidia|o__Bacteroidales	0.20324	0.13333	0.12576	0.11531	0.13043	0.12507	0.12497	0.11666	0.14872	0.07612	0.05406	0.05706	0.10376	0.14413	0.07383	0.07552	0.11335	0.12212	0.06625	0.09673	0.13788	0.0916	0.13298	0.09499
k__Bacteria|p__Bacteroidetes|c__Bacteroidia|o__Bacteroidales|f__Bacteroidaceae	0.00797	0.00147	0.00254	0.00215	0.00429	0.00047	0	0	0	0	0	0	0	0	0	0	0.04912	0.05832	0.03132	0.03939	0.06686	0.04215	0.04995	0.04457
k__Bacteria|p__Bacteroidetes|c__Bacteroidia|o__Bacteroidales|f__Bacteroidaceae|g__Bacteroides	0.00797	0.00147	0.00254	0.00215	0.00429	0.00047	0	0	0	0	0	0	0	0	0	0	0.04912	0.05832	0.03132	0.03939	0.06686	0.04215	0.04995	0.04457
k__Bacteria|p__Bacteroidetes|c__Bacteroidia|o__Bacteroidales|f__Bacteroidaceae|g__Bacteroides|s__Bacteroides_dorei	0	0	0	0	0	0	0	0	0	0	0	0	0	0	0	0	0.04124	0.0493	0.02517	0.03026	0.05215	0.03081	0.03684	0.03183
k__Bacteria|p__Bacteroidetes|c__Bacteroidia|o__Bacteroidales|f__Bacteroidaceae|g__Bacteroides|s__Bacteroides_dorei|t__Bacteroides_dorei_unclassified	0	0	0	0	0	0	0	0	0	0	0	0	0	0	0	0	0.04124	0.0493	0.02517	0.03026	0.05215	0.03081	0.03684	0.03183
k__Bacteria|p__Bacteroidetes|c__Bacteroidia|o__Bacteroidales|f__Bacteroidaceae|g__Bacteroides|s__Bacteroides_uniformis	0.00797	0.00147	0.00254	0.00215	0.00429	0.00047	0	0	0	0	0	0	0	0	0	0	0.00788	0.00843	0.00615	0.00913	0.01426	0.01135	0.01312	0.01274
k__Bacteria|p__Bacteroidetes|c__Bacteroidia|o__Bacteroidales|f__Bacteroidaceae|g__Bacteroides|s__Bacteroides_uniformis|t__Bacteroides_uniformis_unclassified	0.00797	0.00147	0.00254	0.00215	0.00429	0.00047	0	0	0	0	0	0	0	0	0	0	0.00788	0.00843	0.00615	0.00913	0.01426	0.01135	0.01312	0.01274
k__Bacteria|p__Bacteroidetes|c__Bacteroidia|o__Bacteroidales|f__Bacteroidaceae|g__Bacteroides|s__Bacteroides_vulgatus	0	0	0	0	0	0	0	0	0	0	0	0	0	0	0	0	0	0.00059	0	0	0.00045	0	0	0
k__Bacteria|p__Bacteroidetes|c__Bacteroidia|o__Bacteroidales|f__Bacteroidaceae|g__Bacteroides|s__Bacteroides_vulgatus|t__Bacteroides_vulgatus_unclassified	0	0	0	0	0	0	0	0	0	0	0	0	0	0	0	0	0	0.00059	0	0	0.00045	0	0	0
k__Bacteria|p__Bacteroidetes|c__Bacteroidia|o__Bacteroidales|f__Porphyromonadaceae	0	0	0	0	0	0	0	0	0	0	0	0	0	0	0	0	0.0119	0.01224	0.00404	0.01308	0.01422	0.01003	0.0245	0.00405
k__Bacteria|p__Bacteroidetes|c__Bacteroidia|o__Bacteroidales|f__Porphyromonadaceae|g__Parabacteroides	0	0	0	0	0	0	0	0	0	0	0	0	0	0	0	0	0.0119	0.01224	0.00404	0.01308	0.01422	0.01003	0.0245	0.00405
k__Bacteria|p__Bacteroidetes|c__Bacteroidia|o__Bacteroidales|f__Porphyromonadaceae|g__Parabacteroides|s__Parabacteroides_distasonis	0	0	0	0	0	0	0	0	0	0	0	0	0	0	0	0	0.00202	0.0032	0	0.00151	0.00608	0	0	0
k__Bacteria|p__Bacteroidetes|c__Bacteroidia|o__Bacteroidales|f__Porphyromonadaceae|g__Parabacteroides|s__Parabacteroides_distasonis|t__Parabacteroides_distasonis_unclassified	0	0	0	0	0	0	0	0	0	0	0	0	0	0	0	0	0.00202	0.0032	0	0.00151	0.00608	0	0	0
k__Bacteria|p__Bacteroidetes|c__Bacteroidia|o__Bacteroidales|f__Porphyromonadaceae|g__Parabacteroides|s__Parabacteroides_merdae	0	0	0	0	0	0	0	0	0	0	0	0	0	0	0	0	0.00988	0.00821	0.00404	0.00626	0.00815	0.01003	0.00069	0.0018
k__Bacteria|p__Bacteroidetes|c__Bacteroidia|o__Bacteroidales|f__Porphyromonadaceae|g__Parabacteroides|s__Parabacteroides_merdae|t__Parabacteroides_merdae_unclassified	0	0	0	0	0	0	0	0	0	0	0	0	0	0	0	0	0.00988	0.00821	0.00404	0.00626	0.00815	0.01003	0.00069	0.0018
k__Bacteria|p__Bacteroidetes|c__Bacteroidia|o__Bacteroidales|f__Porphyromonadaceae|g__Parabacteroides|s__Parabacteroides_unclassified	0	0	0	0	0	0	0	0	0	0	0	0	0	0	0	0	0	0.00083	0	0.0053	0	0	0.02381	0.00225
k__Bacteria|p__Bacteroidetes|c__Bacteroidia|o__Bacteroidales|f__Prevotellaceae	0.19326	0.13186	0.12322	0.11315	0.12491	0.1246	0.12497	0.11666	0.14872	0.07612	0.05406	0.05706	0.10376	0.14413	0.07383	0.07552	0.05232	0.05155	0.03089	0.04426	0.05679	0.03943	0.05853	0.04636
k__Bacteria|p__Bacteroidetes|c__Bacteroidia|o__Bacteroidales|f__Prevotellaceae|g__Prevotella	0.19326	0.13186	0.12322	0.11315	0.12491	0.1246	0.12497	0.11666	0.14872	0.07612	0.05406	0.05706	0.10376	0.14413	0.07383	0.07552	0.05232	0.05155	0.03089	0.04426	0.05679	0.03943	0.05853	0.04636
k__Bacteria|p__Bacteroidetes|c__Bacteroidia|o__Bacteroidales|f__Prevotellaceae|g__Prevotella|s__Prevotella_copri	0.19326	0.13186	0.12322	0.11315	0.12491	0.1246	0.12497	0.11666	0.14553	0.07612	0.05406	0.05706	0.10258	0.14176	0.07383	0.07552	0.05232	0.05155	0.03089	0.04426	0.05679	0.03943	0.05853	0.04636
k__Bacteria|p__Bacteroidetes|c__Bacteroidia|o__Bacteroidales|f__Prevotellaceae|g__Prevotella|s__Prevotella_copri|t__GCF_000157935	0.19326	0.13186	0.12322	0.11315	0.12491	0.1246	0.12497	0.11666	0.14553	0.07612	0.05406	0.05706	0.10258	0.14176	0.07383	0.07552	0.05232	0.05155	0.03089	0.04426	0.05679	0.03943	0.05853	0.04636
k__Bacteria|p__Bacteroidetes|c__Bacteroidia|o__Bacteroidales|f__Prevotellaceae|g__Prevotella|s__Prevotella_stercorea	0	0	0	0	0	0	0	0	0.0032	0	0	0	0.00119	0.00237	0	0	0	0	0	0	0	0	0	0
k__Bacteria|p__Bacteroidetes|c__Bacteroidia|o__Bacteroidales|f__Prevotellaceae|g__Prevotella|s__Prevotella_stercorea|t__GCF_000235885	0	0	0	0	0	0	0	0	0.0032	0	0	0	0.00119	0.00237	0	0	0	0	0	0	0	0	0	0
k__Bacteria|p__Bacteroidetes|c__Bacteroidia|o__Bacteroidales|f__Rikenellaceae	0.00202	0	0	0	0.00123	0	0	0	0	0	0	0	0	0	0	0	0	0	0	0	0	0	0	0
k__Bacteria|p__Bacteroidetes|c__Bacteroidia|o__Bacteroidales|f__Rikenellaceae|g__Alistipes	0.00202	0	0	0	0.00123	0	0	0	0	0	0	0	0	0	0	0	0	0	0	0	0	0	0	0
k__Bacteria|p__Bacteroidetes|c__Bacteroidia|o__Bacteroidales|f__Rikenellaceae|g__Alistipes|s__Alistipes_unclassified	0.00202	0	0	0	0.00123	0	0	0	0	0	0	0	0	0	0	0	0	0	0	0	0	0	0	0
k__Bacteria|p__Firmicutes	8.24673	5.67183	6.40796	7.22468	5.71898	5.82457	7.60536	7.48446	34.23935	21.93958	10.68767	7.0924	35.40685	39.18478	6.24967	8.93814	17.85171	16.38537	11.2073	10.53427	17.61143	15.82054	12.38923	12.23084
k__Bacteria|p__Firmicutes|c__Bacilli	7.69276	5.3227	6.13796	6.92899	5.28641	5.44616	7.28118	7.23072	33.55191	21.3628	10.44925	6.83923	34.80179	38.5563	5.86623	8.60969	16.52401	15.08382	10.44592	9.67242	15.94882	14.6772	11.34971	11.21931
k__Bacteria|p__Firmicutes|c__Bacilli|o__Lactobacillales	7.69276	5.3227	6.13796	6.92899	5.28641	5.44616	7.28118	7.23072	33.55191	21.3628	10.44925	6.83923	34.80179	38.5563	5.86623	8.60969	16.52401	15.08382	10.44592	9.67242	15.94882	14.6772	11.34971	11.21931
k__Bacteria|p__Firmicutes|c__Bacilli|o__Lactobacillales|f__Enterococcaceae	0	0	0	0	0	0	0	0	0.02683	0.01589	0	0.00328	0.16717	0.00965	0	0	0	0	0	0	0	0	0	0
k__Bacteria|p__Firmicutes|c__Bacilli|o__Lactobacillales|f__Enterococcaceae|g__Enterococcus	0	0	0	0	0	0	0	0	0.02683	0.01589	0	0.00328	0.16717	0.00965	0	0	0	0	0	0	0	0	0	0
k__Bacteria|p__Firmicutes|c__Bacilli|o__Lactobacillales|f__Enterococcaceae|g__Enterococcus|s__Enterococcus_faecium	0	0	0	0	0	0	0	0	0.02683	0.01589	0	0.00328	0.16717	0.00965	0	0	0	0	0	0	0	0	0	0
k__Bacteria|p__Firmicutes|c__Bacilli|o__Lactobacillales|f__Enterococcaceae|g__Enterococcus|s__Enterococcus_faecium|t__Enterococcus_faecium_unclassified	0	0	0	0	0	0	0	0	0.02683	0.01589	0	0.00328	0.16717	0.00965	0	0	0	0	0	0	0	0	0	0
k__Bacteria|p__Firmicutes|c__Bacilli|o__Lactobacillales|f__Lactobacillaceae	7.69276	5.3191	6.13796	6.92899	5.28641	5.44616	7.28118	7.23072	33.51321	21.34329	10.44925	6.83595	34.62647	38.54117	5.86623	8.60969	0	0	0	0	0	0	0	0.00219
k__Bacteria|p__Firmicutes|c__Bacilli|o__Lactobacillales|f__Lactobacillaceae|g__Lactobacillus	7.69276	5.3191	6.13796	6.92899	5.28641	5.44616	7.28118	7.23072	33.51321	21.34329	10.44925	6.83595	34.62647	38.54117	5.86623	8.60969	0	0	0	0	0	0	0	0.00219
k__Bacteria|p__Firmicutes|c__Bacilli|o__Lactobacillales|f__Lactobacillaceae|g__Lactobacillus|s__Lactobacillus_acidophilus	0	0	0	0	0.00176	0	0	0	0	0	0	0	0	0	0	0	0	0	0	0	0	0	0	0
k__Bacteria|p__Firmicutes|c__Bacilli|o__Lactobacillales|f__Lactobacillaceae|g__Lactobacillus|s__Lactobacillus_acidophilus|t__Lactobacillus_acidophilus_unclassified	0	0	0	0	0.00176	0	0	0	0	0	0	0	0	0	0	0	0	0	0	0	0	0	0	0
k__Bacteria|p__Firmicutes|c__Bacilli|o__Lactobacillales|f__Lactobacillaceae|g__Lactobacillus|s__Lactobacillus_delbrueckii	0	0	0	0	0	0	0	0	0	0	0	0	0	0	0	0	0	0	0	0	0	0	0	0.00219
k__Bacteria|p__Firmicutes|c__Bacilli|o__Lactobacillales|f__Lactobacillaceae|g__Lactobacillus|s__Lactobacillus_delbrueckii|t__Lactobacillus_delbrueckii_unclassified	0	0	0	0	0	0	0	0	0	0	0	0	0	0	0	0	0	0	0	0	0	0	0	0.00219
k__Bacteria|p__Firmicutes|c__Bacilli|o__Lactobacillales|f__Lactobacillaceae|g__Lactobacillus|s__Lactobacillus_oris	0	0	0	0	0	0	0	0	0	0	0	0	0.00167	0	0.00128	0	0	0	0	0	0	0	0	0
k__Bacteria|p__Firmicutes|c__Bacilli|o__Lactobacillales|f__Lactobacillaceae|g__Lactobacillus|s__Lactobacillus_oris|t__Lactobacillus_oris_unclassified	0	0	0	0	0	0	0	0	0	0	0	0	0.00167	0	0.00128	0	0	0	0	0	0	0	0	0
k__Bacteria|p__Firmicutes|c__Bacilli|o__Lactobacillales|f__Lactobacillaceae|g__Lactobacillus|s__Lactobacillus_reuteri	0	0	0	0	0	0	0	0	33.51321	21.34329	10.44925	6.83595	34.6248	38.54117	5.86495	8.60969	0	0	0	0	0	0	0	0
k__Bacteria|p__Firmicutes|c__Bacilli|o__Lactobacillales|f__Lactobacillaceae|g__Lactobacillus|s__Lactobacillus_reuteri|t__Lactobacillus_reuteri_unclassified	0	0	0	0	0	0	0	0	33.51321	21.34329	10.44925	6.83595	34.6248	38.54117	5.86495	8.60969	0	0	0	0	0	0	0	0
k__Bacteria|p__Firmicutes|c__Bacilli|o__Lactobacillales|f__Lactobacillaceae|g__Lactobacillus|s__Lactobacillus_ruminis	7.59342	5.23781	6.11424	6.91406	5.22421	5.40716	7.25916	7.2164	0	0	0	0	0	0	0	0	0	0	0	0	0	0	0	0
k__Bacteria|p__Firmicutes|c__Bacilli|o__Lactobacillales|f__Lactobacillaceae|g__Lactobacillus|s__Lactobacillus_ruminis|t__Lactobacillus_ruminis_unclassified	7.59342	5.23781	6.11424	6.91406	5.22421	5.40716	7.25916	7.2164	0	0	0	0	0	0	0	0	0	0	0	0	0	0	0	0
k__Bacteria|p__Firmicutes|c__Bacilli|o__Lactobacillales|f__Lactobacillaceae|g__Lactobacillus|s__Lactobacillus_salivarius	0.09934	0.08129	0.02372	0.01493	0.06044	0.03899	0.02202	0.01432	0	0	0	0	0	0	0	0	0	0	0	0	0	0	0	0
k__Bacteria|p__Firmicutes|c__Bacilli|o__Lactobacillales|f__Lactobacillaceae|g__Lactobacillus|s__Lactobacillus_salivarius|t__Lactobacillus_salivarius_unclassified	0.09934	0.08129	0.02372	0.01493	0.06044	0.03899	0.02202	0.01432	0	0	0	0	0	0	0	0	0	0	0	0	0	0	0	0
k__Bacteria|p__Firmicutes|c__Bacilli|o__Lactobacillales|f__Leuconostocaceae	0	0.0036	0	0	0	0	0	0	0	0	0	0	0	0	0	0	16.52346	15.07688	10.44592	9.66833	15.94319	14.67377	11.34971	11.21712
k__Bacteria|p__Firmicutes|c__Bacilli|o__Lactobacillales|f__Leuconostocaceae|g__Weissella	0	0.0036	0	0	0	0	0	0	0	0	0	0	0	0	0	0	16.52346	15.07688	10.44592	9.66833	15.94319	14.67377	11.34971	11.21712
k__Bacteria|p__Firmicutes|c__Bacilli|o__Lactobacillales|f__Leuconostocaceae|g__Weissella|s__Weissella_cibaria	0	0	0	0	0	0	0	0	0	0	0	0	0	0	0	0	16.52346	15.06187	10.44592	9.66784	15.92136	14.66247	11.34263	11.21712
k__Bacteria|p__Firmicutes|c__Bacilli|o__Lactobacillales|f__Leuconostocaceae|g__Weissella|s__Weissella_cibaria|t__GCF_000193635	0	0	0	0	0	0	0	0	0	0	0	0	0	0	0	0	16.52346	15.06187	10.44592	9.66784	15.92136	14.66247	11.34263	11.21712
k__Bacteria|p__Firmicutes|c__Bacilli|o__Lactobacillales|f__Leuconostocaceae|g__Weissella|s__Weissella_confusa	0	0.0036	0	0	0	0	0	0	0	0	0	0	0	0	0	0	0	0.01502	0	0.00049	0.02182	0.0113	0.00708	0
k__Bacteria|p__Firmicutes|c__Bacilli|o__Lactobacillales|f__Leuconostocaceae|g__Weissella|s__Weissella_confusa|t__GCF_000239955	0	0.0036	0	0	0	0	0	0	0	0	0	0	0	0	0	0	0	0.01502	0	0.00049	0.02182	0.0113	0.00708	0
k__Bacteria|p__Firmicutes|c__Bacilli|o__Lactobacillales|f__Streptococcaceae	0	0	0	0	0	0	0	0	0.01187	0.00362	0	0	0.00816	0.00548	0	0	0.00055	0.00694	0	0.0041	0.00564	0.00342	0	0
k__Bacteria|p__Firmicutes|c__Bacilli|o__Lactobacillales|f__Streptococcaceae|g__Streptococcus	0	0	0	0	0	0	0	0	0.01187	0.00362	0	0	0.00816	0.00548	0	0	0.00055	0.00694	0	0.0041	0.00564	0.00342	0	0
k__Bacteria|p__Firmicutes|c__Bacilli|o__Lactobacillales|f__Streptococcaceae|g__Streptococcus|s__Streptococcus_salivarius	0	0	0	0	0	0	0	0	0.01187	0.00362	0	0	0.00816	0.00548	0	0	0.00055	0.00694	0	0.0041	0.00564	0.00342	0	0
k__Bacteria|p__Firmicutes|c__Bacilli|o__Lactobacillales|f__Streptococcaceae|g__Streptococcus|s__Streptococcus_salivarius|t__Streptococcus_salivarius_unclassified	0	0	0	0	0	0	0	0	0.01187	0.00362	0	0	0.00816	0.00548	0	0	0.00055	0.00694	0	0.0041	0.00564	0.00342	0	0
k__Bacteria|p__Firmicutes|c__Clostridia	0.40015	0.24658	0.1971	0.22789	0.32199	0.25129	0.25176	0.19018	0.56684	0.40063	0.20298	0.22456	0.45031	0.53683	0.32033	0.26741	1.28362	1.25576	0.74052	0.83226	1.62367	1.10928	1.01322	0.98695
k__Bacteria|p__Firmicutes|c__Clostridia|o__Clostridiales	0.40015	0.24658	0.1971	0.22789	0.32199	0.25129	0.25176	0.19018	0.56684	0.40063	0.20298	0.22456	0.45031	0.53683	0.32033	0.26741	1.28362	1.25576	0.74052	0.83226	1.62367	1.10928	1.01322	0.98695
k__Bacteria|p__Firmicutes|c__Clostridia|o__Clostridiales|f__Clostridiaceae	0	0	0	0	0	0	0	0	0	0	0	0	0	0	0	0	0	0	0	0	0.26174	0	0	0
k__Bacteria|p__Firmicutes|c__Clostridia|o__Clostridiales|f__Clostridiaceae|g__Clostridium	0	0	0	0	0	0	0	0	0	0	0	0	0	0	0	0	0	0	0	0	0.26174	0	0	0
k__Bacteria|p__Firmicutes|c__Clostridia|o__Clostridiales|f__Clostridiaceae|g__Clostridium|s__Clostridium_perfringens	0	0	0	0	0	0	0	0	0	0	0	0	0	0	0	0	0	0	0	0	0.26174	0	0	0
k__Bacteria|p__Firmicutes|c__Clostridia|o__Clostridiales|f__Clostridiaceae|g__Clostridium|s__Clostridium_perfringens|t__Clostridium_perfringens_unclassified	0	0	0	0	0	0	0	0	0	0	0	0	0	0	0	0	0	0	0	0	0.26174	0	0	0
k__Bacteria|p__Firmicutes|c__Clostridia|o__Clostridiales|f__Clostridiales_noname	0.0135	0.00954	0.01132	0.01072	0.01442	0.00717	0.00547	0.00727	0	0	0	0	0	0	0	0	0.01055	0.01093	0.00904	0.00545	0.01348	0.00559	0.00189	0.00878
k__Bacteria|p__Firmicutes|c__Clostridia|o__Clostridiales|f__Clostridiales_noname|g__Clostridiales_noname	0.0135	0.00954	0.01132	0.01072	0.01442	0.00717	0.00547	0.00727	0	0	0	0	0	0	0	0	0.01055	0.01093	0.00904	0.00545	0.01348	0.00559	0.00189	0.00878
k__Bacteria|p__Firmicutes|c__Clostridia|o__Clostridiales|f__Clostridiales_noname|g__Clostridiales_noname|s__Bacteroides_pectinophilus	0.0135	0.00954	0.01132	0.01072	0.01442	0.00717	0.00547	0.00727	0	0	0	0	0	0	0	0	0.01055	0.01093	0.00904	0.00545	0.01348	0.00559	0.00189	0.00878
k__Bacteria|p__Firmicutes|c__Clostridia|o__Clostridiales|f__Clostridiales_noname|g__Clostridiales_noname|s__Bacteroides_pectinophilus|t__GCF_000155855	0.0135	0.00954	0.01132	0.01072	0.01442	0.00717	0.00547	0.00727	0	0	0	0	0	0	0	0	0.01055	0.01093	0.00904	0.00545	0.01348	0.00559	0.00189	0.00878
k__Bacteria|p__Firmicutes|c__Clostridia|o__Clostridiales|f__Eubacteriaceae	0.02068	0.00624	0.00536	0.00602	0.01969	0.00531	0.00571	0.0047	0.31149	0.2168	0.11387	0.13308	0.22536	0.28323	0.17027	0.16234	0.28018	0.29158	0.18697	0.21691	0.34907	0.22136	0.22029	0.22552
k__Bacteria|p__Firmicutes|c__Clostridia|o__Clostridiales|f__Eubacteriaceae|g__Eubacterium	0.02068	0.00624	0.00536	0.00602	0.01969	0.00531	0.00571	0.0047	0.31149	0.2168	0.11387	0.13308	0.22536	0.28323	0.17027	0.16234	0.28018	0.29158	0.18697	0.21691	0.34907	0.22136	0.22029	0.22552
k__Bacteria|p__Firmicutes|c__Clostridia|o__Clostridiales|f__Eubacteriaceae|g__Eubacterium|s__Eubacterium_hallii	0.0021	0	0	0	0	0	0	0	0.00569	0	0.00223	0	0.00298	0	0	0	0.0268	0.03551	0.01114	0.02253	0.03899	0	0.00602	0.00372
k__Bacteria|p__Firmicutes|c__Clostridia|o__Clostridiales|f__Eubacteriaceae|g__Eubacterium|s__Eubacterium_hallii|t__GCF_000173975	0.0021	0	0	0	0	0	0	0	0.00569	0	0.00223	0	0.00298	0	0	0	0.0268	0.03551	0.01114	0.02253	0.03899	0	0.00602	0.00372
k__Bacteria|p__Firmicutes|c__Clostridia|o__Clostridiales|f__Eubacteriaceae|g__Eubacterium|s__Eubacterium_ramulus	0	0	0	0	0	0	0	0	0	0	0	0	0	0	0	0	0	0	0	0	0.00143	0	0	0
k__Bacteria|p__Firmicutes|c__Clostridia|o__Clostridiales|f__Eubacteriaceae|g__Eubacterium|s__Eubacterium_ramulus|t__GCF_000469345	0	0	0	0	0	0	0	0	0	0	0	0	0	0	0	0	0	0	0	0	0.00143	0	0	0
k__Bacteria|p__Firmicutes|c__Clostridia|o__Clostridiales|f__Eubacteriaceae|g__Eubacterium|s__Eubacterium_rectale	0.01858	0.00624	0.00536	0.00602	0.01969	0.00531	0.00571	0.0047	0.3058	0.2168	0.11164	0.13308	0.22238	0.28323	0.17027	0.16234	0.25338	0.25607	0.17583	0.19439	0.30735	0.22136	0.21427	0.2218
k__Bacteria|p__Firmicutes|c__Clostridia|o__Clostridiales|f__Eubacteriaceae|g__Eubacterium|s__Eubacterium_rectale|t__Eubacterium_rectale_unclassified	0.01858	0.00624	0.00536	0.00602	0.01969	0.00531	0.00571	0.0047	0.3058	0.2168	0.11164	0.13308	0.22238	0.28323	0.17027	0.16234	0.25338	0.25607	0.17583	0.19439	0.30735	0.22136	0.21427	0.2218
k__Bacteria|p__Firmicutes|c__Clostridia|o__Clostridiales|f__Eubacteriaceae|g__Eubacterium|s__Eubacterium_siraeum	0	0	0	0	0	0	0	0	0	0	0	0	0	0	0	0	0	0	0	0	0.0013	0	0	0
k__Bacteria|p__Firmicutes|c__Clostridia|o__Clostridiales|f__Eubacteriaceae|g__Eubacterium|s__Eubacterium_siraeum|t__Eubacterium_siraeum_unclassified	0	0	0	0	0	0	0	0	0	0	0	0	0	0	0	0	0	0	0	0	0.0013	0	0	0
k__Bacteria|p__Firmicutes|c__Clostridia|o__Clostridiales|f__Lachnospiraceae	0.09063	0.0525	0.04646	0.05012	0.08126	0.03891	0.04638	0.05184	0.08474	0.04744	0.03571	0.03038	0.07213	0.11696	0.04074	0.05229	0.10598	0.14894	0.05303	0.06221	0.15427	0.07417	0.08856	0.04814
k__Bacteria|p__Firmicutes|c__Clostridia|o__Clostridiales|f__Lachnospiraceae|g__Anaerostipes	0	0	0	0	0	0	0	0	0	0	0	0	0	0	0	0	0	0	0	0.00063	0.00783	0	0	0
k__Bacteria|p__Firmicutes|c__Clostridia|o__Clostridiales|f__Lachnospiraceae|g__Anaerostipes|s__Anaerostipes_hadrus	0	0	0	0	0	0	0	0	0	0	0	0	0	0	0	0	0	0	0	0.00063	0.00783	0	0	0
k__Bacteria|p__Firmicutes|c__Clostridia|o__Clostridiales|f__Lachnospiraceae|g__Anaerostipes|s__Anaerostipes_hadrus|t__GCF_000332875	0	0	0	0	0	0	0	0	0	0	0	0	0	0	0	0	0	0	0	0.00063	0.00783	0	0	0
k__Bacteria|p__Firmicutes|c__Clostridia|o__Clostridiales|f__Lachnospiraceae|g__Blautia	0.00749	0.0019	0.00239	0.00322	0.00952	0	0.00055	0	0.00091	0.00403	0.01247	0	0.00318	0.00081	0	0.0261	0.01518	0.05869	0.00972	0.01292	0.05094	0.02145	0.01908	0.0117
k__Bacteria|p__Firmicutes|c__Clostridia|o__Clostridiales|f__Lachnospiraceae|g__Blautia|s__Ruminococcus_obeum	0.00749	0.0019	0.00239	0.00322	0.00952	0	0.00055	0	0.00091	0.00403	0	0	0.00318	0.00081	0	0	0.01518	0.03206	0.00972	0.01292	0.03263	0.02145	0.01908	0.0117
k__Bacteria|p__Firmicutes|c__Clostridia|o__Clostridiales|f__Lachnospiraceae|g__Blautia|s__Ruminococcus_obeum|t__Ruminococcus_obeum_unclassified	0.00749	0.0019	0.00239	0.00322	0.00952	0	0.00055	0	0.00091	0.00403	0	0	0.00318	0.00081	0	0	0.01518	0.03206	0.00972	0.01292	0.03263	0.02145	0.01908	0.0117
k__Bacteria|p__Firmicutes|c__Clostridia|o__Clostridiales|f__Lachnospiraceae|g__Blautia|s__Ruminococcus_torques	0	0	0	0	0	0	0	0	0	0	0.01247	0	0	0	0	0.0261	0	0.02662	0	0	0.01831	0	0	0
k__Bacteria|p__Firmicutes|c__Clostridia|o__Clostridiales|f__Lachnospiraceae|g__Blautia|s__Ruminococcus_torques|t__Ruminococcus_torques_unclassified	0	0	0	0	0	0	0	0	0	0	0.01247	0	0	0	0	0.0261	0	0.02662	0	0	0.01831	0	0	0
k__Bacteria|p__Firmicutes|c__Clostridia|o__Clostridiales|f__Lachnospiraceae|g__Butyrivibrio	0.03222	0.02694	0.03008	0.02718	0.03806	0.01497	0.02847	0.03771	0	0	0	0	0	0	0	0	0	0	0	0	0	0	0	0
k__Bacteria|p__Firmicutes|c__Clostridia|o__Clostridiales|f__Lachnospiraceae|g__Butyrivibrio|s__Butyrivibrio_crossotus	0.03222	0.02694	0.03008	0.02718	0.03806	0.01497	0.02847	0.03771	0	0	0	0	0	0	0	0	0	0	0	0	0	0	0	0
k__Bacteria|p__Firmicutes|c__Clostridia|o__Clostridiales|f__Lachnospiraceae|g__Butyrivibrio|s__Butyrivibrio_crossotus|t__GCF_000156015	0.03222	0.02694	0.03008	0.02718	0.03806	0.01497	0.02847	0.03771	0	0	0	0	0	0	0	0	0	0	0	0	0	0	0	0
k__Bacteria|p__Firmicutes|c__Clostridia|o__Clostridiales|f__Lachnospiraceae|g__Coprococcus	0.00664	0.0023	0.00168	0.00083	0.00327	0.00106	0	0	0.00216	0	0	0	0.00206	0	0	0	0.01152	0.01293	0.00297	0.00598	0.01716	0.00959	0.00647	0.01074
k__Bacteria|p__Firmicutes|c__Clostridia|o__Clostridiales|f__Lachnospiraceae|g__Coprococcus|s__Coprococcus_catus	0.0054	0.0023	0.00168	0.00083	0.00133	0.00106	0	0	0.00216	0	0	0	0.00206	0	0	0	0.01152	0.01293	0.00297	0.00598	0.01716	0.00959	0.00647	0.01074
k__Bacteria|p__Firmicutes|c__Clostridia|o__Clostridiales|f__Lachnospiraceae|g__Coprococcus|s__Coprococcus_catus|t__GCF_000210555	0.0054	0.0023	0.00168	0.00083	0.00133	0.00106	0	0	0.00216	0	0	0	0.00206	0	0	0	0.01152	0.01293	0.00297	0.00598	0.01716	0.00959	0.00647	0.01074
k__Bacteria|p__Firmicutes|c__Clostridia|o__Clostridiales|f__Lachnospiraceae|g__Coprococcus|s__Coprococcus_comes	0.00123	0	0	0	0.00194	0	0	0	0	0	0	0	0	0	0	0	0	0	0	0	0	0	0	0
k__Bacteria|p__Firmicutes|c__Clostridia|o__Clostridiales|f__Lachnospiraceae|g__Coprococcus|s__Coprococcus_comes|t__GCF_000155875	0.00123	0	0	0	0.00194	0	0	0	0	0	0	0	0	0	0	0	0	0	0	0	0	0	0	0
k__Bacteria|p__Firmicutes|c__Clostridia|o__Clostridiales|f__Lachnospiraceae|g__Dorea	0.02825	0.01222	0.0089	0.00894	0.01205	0.0131	0.01352	0.00917	0.05181	0.02095	0.01157	0.01383	0.03882	0.08193	0.02187	0.01274	0.04715	0.04776	0.02551	0.02789	0.05401	0.02826	0.03601	0.0212
k__Bacteria|p__Firmicutes|c__Clostridia|o__Clostridiales|f__Lachnospiraceae|g__Dorea|s__Dorea_formicigenerans	0.00951	0.00164	0.00125	0.0008	0.00272	0	0.00757	0	0.01064	0.02004	0.00254	0.004	0.02419	0.00898	0.01032	0.00462	0	0.00674	0.00295	0	0.00408	0	0	0
k__Bacteria|p__Firmicutes|c__Clostridia|o__Clostridiales|f__Lachnospiraceae|g__Dorea|s__Dorea_formicigenerans|t__Dorea_formicigenerans_unclassified	0.00951	0.00164	0.00125	0.0008	0.00272	0	0.00757	0	0.01064	0.02004	0.00254	0.004	0.02419	0.00898	0.01032	0.00462	0	0.00674	0.00295	0	0.00408	0	0	0
k__Bacteria|p__Firmicutes|c__Clostridia|o__Clostridiales|f__Lachnospiraceae|g__Dorea|s__Dorea_longicatena	0.01874	0.01058	0.00765	0.00815	0.00933	0.00462	0.00595	0.00917	0.00974	0.00092	0.00433	0.00659	0.00997	0.00639	0.01155	0.00812	0.03122	0.04102	0.02256	0.02501	0.04993	0.02826	0.03601	0.0212
k__Bacteria|p__Firmicutes|c__Clostridia|o__Clostridiales|f__Lachnospiraceae|g__Dorea|s__Dorea_longicatena|t__GCF_000154065	0.01874	0.01058	0.00765	0.00815	0.00933	0.00462	0.00595	0.00917	0.00974	0.00092	0.00433	0.00659	0.00997	0.00639	0.01155	0.00812	0.03122	0.04102	0.02256	0.02501	0.04993	0.02826	0.03601	0.0212
k__Bacteria|p__Firmicutes|c__Clostridia|o__Clostridiales|f__Lachnospiraceae|g__Dorea|s__Dorea_unclassified	0	0	0	0	0	0.00848	0	0	0.03142	0	0.0047	0.00324	0.00467	0.06656	0	0	0.01593	0	0	0.00289	0	0	0	0
k__Bacteria|p__Firmicutes|c__Clostridia|o__Clostridiales|f__Lachnospiraceae|g__Lachnospiraceae_noname	0	0	0	0	0	0	0	0	0	0	0	0	0	0	0	0	0.0073	0.00385	0.00226	0.00321	0.00431	0.00062	0	0
k__Bacteria|p__Firmicutes|c__Clostridia|o__Clostridiales|f__Lachnospiraceae|g__Lachnospiraceae_noname|s__Lachnospiraceae_bacterium_5_1_63FAA	0	0	0	0	0	0	0	0	0	0	0	0	0	0	0	0	0.0073	0.00385	0.00226	0.00321	0.00431	0.00062	0	0
k__Bacteria|p__Firmicutes|c__Clostridia|o__Clostridiales|f__Lachnospiraceae|g__Lachnospiraceae_noname|s__Lachnospiraceae_bacterium_5_1_63FAA|t__GCF_000185525	0	0	0	0	0	0	0	0	0	0	0	0	0	0	0	0	0.0073	0.00385	0.00226	0.00321	0.00431	0.00062	0	0
k__Bacteria|p__Firmicutes|c__Clostridia|o__Clostridiales|f__Lachnospiraceae|g__Roseburia	0.01603	0.00914	0.00341	0.00995	0.01836	0.00978	0.00384	0.00496	0.02986	0.02246	0.01167	0.01655	0.02807	0.03423	0.01887	0.01345	0.02483	0.02571	0.01257	0.01157	0.02002	0.01425	0.027	0.00449
k__Bacteria|p__Firmicutes|c__Clostridia|o__Clostridiales|f__Lachnospiraceae|g__Roseburia|s__Roseburia_hominis	0.00091	0	0	0	0.00071	0	0	0	0	0	0	0	0	0	0	0	0	0	0	0	0	0	0	0
k__Bacteria|p__Firmicutes|c__Clostridia|o__Clostridiales|f__Lachnospiraceae|g__Roseburia|s__Roseburia_hominis|t__GCF_000225345	0.00091	0	0	0	0.00071	0	0	0	0	0	0	0	0	0	0	0	0	0	0	0	0	0	0	0
k__Bacteria|p__Firmicutes|c__Clostridia|o__Clostridiales|f__Lachnospiraceae|g__Roseburia|s__Roseburia_intestinalis	0.00228	0	0	0	0.00481	0.00116	0	0	0.00602	0.00222	0	0	0	0.00512	0	0	0.00207	0.00355	0.00212	0.00347	0.00841	0.00057	0.00255	0
k__Bacteria|p__Firmicutes|c__Clostridia|o__Clostridiales|f__Lachnospiraceae|g__Roseburia|s__Roseburia_intestinalis|t__Roseburia_intestinalis_unclassified	0.00228	0	0	0	0.00481	0.00116	0	0	0.00602	0.00222	0	0	0	0.00512	0	0	0.00207	0.00355	0.00212	0.00347	0.00841	0.00057	0.00255	0
k__Bacteria|p__Firmicutes|c__Clostridia|o__Clostridiales|f__Lachnospiraceae|g__Roseburia|s__Roseburia_inulinivorans	0.01284	0.00326	0.00341	0.00995	0.01284	0.00187	0	0.00496	0.02384	0.02024	0.01167	0.01655	0.02807	0.02511	0.00659	0.01345	0	0	0	0	0	0	0	0
k__Bacteria|p__Firmicutes|c__Clostridia|o__Clostridiales|f__Lachnospiraceae|g__Roseburia|s__Roseburia_inulinivorans|t__GCF_000174195	0.01284	0.00326	0.00341	0.00995	0.01284	0.00187	0	0.00496	0.02384	0.02024	0.01167	0.01655	0.02807	0.02511	0.00659	0.01345	0	0	0	0	0	0	0	0
k__Bacteria|p__Firmicutes|c__Clostridia|o__Clostridiales|f__Lachnospiraceae|g__Roseburia|s__Roseburia_unclassified	0	0.00588	0	0	0	0.00676	0.00384	0	0	0	0	0	0	0.00399	0.01228	0	0.02276	0.02216	0.01045	0.0081	0.01161	0.01368	0.02445	0.00449
k__Bacteria|p__Firmicutes|c__Clostridia|o__Clostridiales|f__Peptostreptococcaceae	0	0	0	0	0	0	0	0	0	0	0	0	0	0	0	0	0	0	0	0	0	0	0	0.03871
k__Bacteria|p__Firmicutes|c__Clostridia|o__Clostridiales|f__Peptostreptococcaceae|g__Peptostreptococcaceae_noname	0	0	0	0	0	0	0	0	0	0	0	0	0	0	0	0	0	0	0	0	0	0	0	0.03871
k__Bacteria|p__Firmicutes|c__Clostridia|o__Clostridiales|f__Peptostreptococcaceae|g__Peptostreptococcaceae_noname|s__Peptostreptococcaceae_noname_unclassified	0	0	0	0	0	0	0	0	0	0	0	0	0	0	0	0	0	0	0	0	0	0	0	0.03871
k__Bacteria|p__Firmicutes|c__Clostridia|o__Clostridiales|f__Ruminococcaceae	0.27534	0.1783	0.13395	0.16103	0.20662	0.1999	0.1942	0.12637	0.17061	0.13639	0.0534	0.0611	0.15282	0.13664	0.10932	0.05278	0.8869	0.80431	0.49146	0.54768	0.8451	0.80817	0.70247	0.6658
k__Bacteria|p__Firmicutes|c__Clostridia|o__Clostridiales|f__Ruminococcaceae|g__Faecalibacterium	0.1385	0.10084	0.07915	0.07823	0.09629	0.11679	0.07411	0.08733	0.08331	0.06736	0.02264	0.03426	0.0595	0.05939	0.03065	0.03669	0.34346	0.29507	0.19148	0.21394	0.32754	0.3292	0.25921	0.22373
k__Bacteria|p__Firmicutes|c__Clostridia|o__Clostridiales|f__Ruminococcaceae|g__Faecalibacterium|s__Faecalibacterium_prausnitzii	0.1385	0.10084	0.07915	0.07823	0.09629	0.11679	0.07411	0.08733	0.08331	0.06736	0.02264	0.03426	0.0595	0.05939	0.03065	0.03669	0.34346	0.29507	0.19148	0.21394	0.32754	0.3292	0.25921	0.22373
k__Bacteria|p__Firmicutes|c__Clostridia|o__Clostridiales|f__Ruminococcaceae|g__Faecalibacterium|s__Faecalibacterium_prausnitzii|t__Faecalibacterium_prausnitzii_unclassified	0.1385	0.10084	0.07915	0.07823	0.09629	0.11679	0.07411	0.08733	0.08331	0.06736	0.02264	0.03426	0.0595	0.05939	0.03065	0.03669	0.34346	0.29507	0.19148	0.21394	0.32754	0.3292	0.25921	0.22373
k__Bacteria|p__Firmicutes|c__Clostridia|o__Clostridiales|f__Ruminococcaceae|g__Ruminococcus	0.0291	0.0166	0.01401	0.01485	0.02127	0.01887	0.01653	0.01632	0	0	0	0	0	0	0	0	0.01611	0.01671	0.0066	0.01145	0.02641	0.01889	0.00999	0
k__Bacteria|p__Firmicutes|c__Clostridia|o__Clostridiales|f__Ruminococcaceae|g__Ruminococcus|s__Ruminococcus_bromii	0.01861	0.0166	0.01401	0.01485	0.02127	0.01887	0.01653	0.01632	0	0	0	0	0	0	0	0	0	0	0.00102	0.00096	0.00142	0.00211	0	0
k__Bacteria|p__Firmicutes|c__Clostridia|o__Clostridiales|f__Ruminococcaceae|g__Ruminococcus|s__Ruminococcus_bromii|t__GCF_000209875	0.01861	0.0166	0.01401	0.01485	0.02127	0.01887	0.01653	0.01632	0	0	0	0	0	0	0	0	0	0	0.00102	0.00096	0.00142	0.00211	0	0
k__Bacteria|p__Firmicutes|c__Clostridia|o__Clostridiales|f__Ruminococcaceae|g__Ruminococcus|s__Ruminococcus_callidus	0.01048	0	0	0	0	0	0	0	0	0	0	0	0	0	0	0	0	0	0	0	0	0	0	0
k__Bacteria|p__Firmicutes|c__Clostridia|o__Clostridiales|f__Ruminococcaceae|g__Ruminococcus|s__Ruminococcus_callidus|t__GCF_000468015	0.01048	0	0	0	0	0	0	0	0	0	0	0	0	0	0	0	0	0	0	0	0	0	0	0
k__Bacteria|p__Firmicutes|c__Clostridia|o__Clostridiales|f__Ruminococcaceae|g__Ruminococcus|s__Ruminococcus_champanellensis	0	0	0	0	0	0	0	0	0	0	0	0	0	0	0	0	0.00202	0.01067	0.00206	0	0.00644	0.00735	0.00371	0
k__Bacteria|p__Firmicutes|c__Clostridia|o__Clostridiales|f__Ruminococcaceae|g__Ruminococcus|s__Ruminococcus_champanellensis|t__GCF_000210095	0	0	0	0	0	0	0	0	0	0	0	0	0	0	0	0	0.00202	0.01067	0.00206	0	0.00644	0.00735	0.00371	0
k__Bacteria|p__Firmicutes|c__Clostridia|o__Clostridiales|f__Ruminococcaceae|g__Ruminococcus|s__Ruminococcus_lactaris	0	0	0	0	0	0	0	0	0	0	0	0	0	0	0	0	0.01409	0.00604	0.00353	0.01049	0.01855	0.00943	0.00628	0
k__Bacteria|p__Firmicutes|c__Clostridia|o__Clostridiales|f__Ruminococcaceae|g__Ruminococcus|s__Ruminococcus_lactaris|t__Ruminococcus_lactaris_unclassified	0	0	0	0	0	0	0	0	0	0	0	0	0	0	0	0	0.01409	0.00604	0.00353	0.01049	0.01855	0.00943	0.00628	0
k__Bacteria|p__Firmicutes|c__Clostridia|o__Clostridiales|f__Ruminococcaceae|g__Subdoligranulum	0.10774	0.06085	0.04079	0.06796	0.08906	0.06424	0.10355	0.02271	0.0873	0.06903	0.03076	0.02684	0.09332	0.07725	0.07867	0.0161	0.52734	0.49253	0.29338	0.3223	0.49116	0.46008	0.43327	0.44207
k__Bacteria|p__Firmicutes|c__Clostridia|o__Clostridiales|f__Ruminococcaceae|g__Subdoligranulum|s__Subdoligranulum_unclassified	0.10774	0.06085	0.04079	0.06796	0.08906	0.06424	0.10355	0.02271	0.0873	0.06903	0.03076	0.02684	0.09332	0.07725	0.07867	0.0161	0.52734	0.49253	0.29338	0.3223	0.49116	0.46008	0.43327	0.44207
k__Bacteria|p__Firmicutes|c__Erysipelotrichia	0	0	0	0	0	0	0	0	0.07276	0.10519	0.03544	0.02861	0.11166	0.06193	0.06311	0.06104	0	0	0	0	0	0	0	0
k__Bacteria|p__Firmicutes|c__Erysipelotrichia|o__Erysipelotrichales	0	0	0	0	0	0	0	0	0.07276	0.10519	0.03544	0.02861	0.11166	0.06193	0.06311	0.06104	0	0	0	0	0	0	0	0
k__Bacteria|p__Firmicutes|c__Erysipelotrichia|o__Erysipelotrichales|f__Erysipelotrichaceae	0	0	0	0	0	0	0	0	0.07276	0.10519	0.03544	0.02861	0.11166	0.06193	0.06311	0.06104	0	0	0	0	0	0	0	0
k__Bacteria|p__Firmicutes|c__Erysipelotrichia|o__Erysipelotrichales|f__Erysipelotrichaceae|g__Catenibacterium	0	0	0	0	0	0	0	0	0.06577	0.10168	0.03345	0.02861	0.10475	0.06193	0.06169	0.06104	0	0	0	0	0	0	0	0
k__Bacteria|p__Firmicutes|c__Erysipelotrichia|o__Erysipelotrichales|f__Erysipelotrichaceae|g__Catenibacterium|s__Catenibacterium_mitsuokai	0	0	0	0	0	0	0	0	0.06577	0.10168	0.03345	0.02861	0.10475	0.06193	0.06169	0.06104	0	0	0	0	0	0	0	0
k__Bacteria|p__Firmicutes|c__Erysipelotrichia|o__Erysipelotrichales|f__Erysipelotrichaceae|g__Catenibacterium|s__Catenibacterium_mitsuokai|t__GCF_000173795	0	0	0	0	0	0	0	0	0.06577	0.10168	0.03345	0.02861	0.10475	0.06193	0.06169	0.06104	0	0	0	0	0	0	0	0
k__Bacteria|p__Firmicutes|c__Erysipelotrichia|o__Erysipelotrichales|f__Erysipelotrichaceae|g__Erysipelotrichaceae_noname	0	0	0	0	0	0	0	0	0.00699	0.0035	0.00199	0	0.0069	0	0.00142	0	0	0	0	0	0	0	0	0
k__Bacteria|p__Firmicutes|c__Erysipelotrichia|o__Erysipelotrichales|f__Erysipelotrichaceae|g__Erysipelotrichaceae_noname|s__Eubacterium_biforme	0	0	0	0	0	0	0	0	0.00699	0.0035	0.00199	0	0.0069	0	0.00142	0	0	0	0	0	0	0	0	0
k__Bacteria|p__Firmicutes|c__Erysipelotrichia|o__Erysipelotrichales|f__Erysipelotrichaceae|g__Erysipelotrichaceae_noname|s__Eubacterium_biforme|t__GCF_000156655	0	0	0	0	0	0	0	0	0.00699	0.0035	0.00199	0	0.0069	0	0.00142	0	0	0	0	0	0	0	0	0
k__Bacteria|p__Firmicutes|c__Negativicutes	0.15383	0.10255	0.07291	0.0678	0.11058	0.12713	0.07242	0.06356	0.04785	0.07097	0	0	0.04308	0.02972	0	0	0.04408	0.04578	0.02086	0.02959	0.03894	0.03406	0.0263	0.02458
k__Bacteria|p__Firmicutes|c__Negativicutes|o__Selenomonadales	0.15383	0.10255	0.07291	0.0678	0.11058	0.12713	0.07242	0.06356	0.04785	0.07097	0	0	0.04308	0.02972	0	0	0.04408	0.04578	0.02086	0.02959	0.03894	0.03406	0.0263	0.02458
k__Bacteria|p__Firmicutes|c__Negativicutes|o__Selenomonadales|f__Acidaminococcaceae	0.15383	0.10255	0.07291	0.0678	0.11058	0.12713	0.07242	0.06356	0	0	0	0	0	0	0	0	0.03434	0.02658	0.01648	0.02236	0.03335	0.02423	0.0205	0.01611
k__Bacteria|p__Firmicutes|c__Negativicutes|o__Selenomonadales|f__Acidaminococcaceae|g__Acidaminococcus	0.09543	0.06905	0.04753	0.03315	0.06686	0.0744	0.04381	0.04703	0	0	0	0	0	0	0	0	0	0	0	0	0	0	0	0
k__Bacteria|p__Firmicutes|c__Negativicutes|o__Selenomonadales|f__Acidaminococcaceae|g__Acidaminococcus|s__Acidaminococcus_fermentans	0.09543	0.06905	0.04753	0.03315	0.06686	0.0744	0.04381	0.04703	0	0	0	0	0	0	0	0	0	0	0	0	0	0	0	0
k__Bacteria|p__Firmicutes|c__Negativicutes|o__Selenomonadales|f__Acidaminococcaceae|g__Acidaminococcus|s__Acidaminococcus_fermentans|t__GCF_000025305	0.09543	0.06905	0.04753	0.03315	0.06686	0.0744	0.04381	0.04703	0	0	0	0	0	0	0	0	0	0	0	0	0	0	0	0
k__Bacteria|p__Firmicutes|c__Negativicutes|o__Selenomonadales|f__Acidaminococcaceae|g__Phascolarctobacterium	0.05839	0.0335	0.02538	0.03465	0.04372	0.05273	0.02861	0.01653	0	0	0	0	0	0	0	0	0.03434	0.02658	0.01648	0.02236	0.03335	0.02423	0.0205	0.01611
k__Bacteria|p__Firmicutes|c__Negativicutes|o__Selenomonadales|f__Acidaminococcaceae|g__Phascolarctobacterium|s__Phascolarctobacterium_succinatutens	0.05839	0.0335	0.02538	0.03465	0.04372	0.05273	0.02861	0.01653	0	0	0	0	0	0	0	0	0.03434	0.02658	0.01648	0.02236	0.03335	0.02423	0.0205	0.01611
k__Bacteria|p__Firmicutes|c__Negativicutes|o__Selenomonadales|f__Acidaminococcaceae|g__Phascolarctobacterium|s__Phascolarctobacterium_succinatutens|t__GCF_000188175	0.05839	0.0335	0.02538	0.03465	0.04372	0.05273	0.02861	0.01653	0	0	0	0	0	0	0	0	0.03434	0.02658	0.01648	0.02236	0.03335	0.02423	0.0205	0.01611
k__Bacteria|p__Firmicutes|c__Negativicutes|o__Selenomonadales|f__Veillonellaceae	0	0	0	0	0	0	0	0	0.04785	0.07097	0	0	0.04308	0.02972	0	0	0.00974	0.01921	0.00439	0.00724	0.00559	0.00983	0.0058	0.00847
k__Bacteria|p__Firmicutes|c__Negativicutes|o__Selenomonadales|f__Veillonellaceae|g__Megasphaera	0	0	0	0	0	0	0	0	0.02989	0.07097	0	0	0.04308	0.02972	0	0	0	0	0	0	0	0	0	0
k__Bacteria|p__Firmicutes|c__Negativicutes|o__Selenomonadales|f__Veillonellaceae|g__Megasphaera|s__Megasphaera_unclassified	0	0	0	0	0	0	0	0	0.02989	0.07097	0	0	0.04308	0.02972	0	0	0	0	0	0	0	0	0	0
k__Bacteria|p__Firmicutes|c__Negativicutes|o__Selenomonadales|f__Veillonellaceae|g__Mitsuokella	0	0	0	0	0	0	0	0	0.01796	0	0	0	0	0	0	0	0	0	0	0	0	0	0	0
k__Bacteria|p__Firmicutes|c__Negativicutes|o__Selenomonadales|f__Veillonellaceae|g__Mitsuokella|s__Mitsuokella_unclassified	0	0	0	0	0	0	0	0	0.01796	0	0	0	0	0	0	0	0	0	0	0	0	0	0	0
k__Bacteria|p__Firmicutes|c__Negativicutes|o__Selenomonadales|f__Veillonellaceae|g__Veillonella	0	0	0	0	0	0	0	0	0	0	0	0	0	0	0	0	0.00974	0.01921	0.00439	0.00724	0.00559	0.00983	0.0058	0.00847
k__Bacteria|p__Firmicutes|c__Negativicutes|o__Selenomonadales|f__Veillonellaceae|g__Veillonella|s__Veillonella_atypica	0	0	0	0	0	0	0	0	0	0	0	0	0	0	0	0	0.00576	0.00377	0	0.00054	0.00559	0	0	0
k__Bacteria|p__Firmicutes|c__Negativicutes|o__Selenomonadales|f__Veillonellaceae|g__Veillonella|s__Veillonella_atypica|t__Veillonella_atypica_unclassified	0	0	0	0	0	0	0	0	0	0	0	0	0	0	0	0	0.00576	0.00377	0	0.00054	0.00559	0	0	0
k__Bacteria|p__Firmicutes|c__Negativicutes|o__Selenomonadales|f__Veillonellaceae|g__Veillonella|s__Veillonella_unclassified	0	0	0	0	0	0	0	0	0	0	0	0	0	0	0	0	0.00397	0.01544	0.00439	0.00669	0	0.00983	0.0058	0.00847
k__Bacteria|p__Proteobacteria	14.95034	15.25021	8.68621	8.00352	14.78374	14.74571	10.07188	9.6301	9.47925	9.00168	1.64197	1.97379	9.05284	10.11165	3.62542	3.32764	4.00095	4.36539	2.24944	2.37542	3.93577	4.55603	3.87837	3.99193
k__Bacteria|p__Proteobacteria|c__Betaproteobacteria	0	0	0	0	0.00054	0	0	0	0	0	0	0	0	0	0	0	0	0	0	0	0	0	0	0
k__Bacteria|p__Proteobacteria|c__Betaproteobacteria|o__Burkholderiales	0	0	0	0	0.00054	0	0	0	0	0	0	0	0	0	0	0	0	0	0	0	0	0	0	0
k__Bacteria|p__Proteobacteria|c__Betaproteobacteria|o__Burkholderiales|f__Sutterellaceae	0	0	0	0	0.00054	0	0	0	0	0	0	0	0	0	0	0	0	0	0	0	0	0	0	0
k__Bacteria|p__Proteobacteria|c__Betaproteobacteria|o__Burkholderiales|f__Sutterellaceae|g__Sutterella	0	0	0	0	0.00054	0	0	0	0	0	0	0	0	0	0	0	0	0	0	0	0	0	0	0
k__Bacteria|p__Proteobacteria|c__Betaproteobacteria|o__Burkholderiales|f__Sutterellaceae|g__Sutterella|s__Sutterella_wadsworthensis	0	0	0	0	0.00054	0	0	0	0	0	0	0	0	0	0	0	0	0	0	0	0	0	0	0
k__Bacteria|p__Proteobacteria|c__Betaproteobacteria|o__Burkholderiales|f__Sutterellaceae|g__Sutterella|s__Sutterella_wadsworthensis|t__Sutterella_wadsworthensis_unclassified	0	0	0	0	0.00054	0	0	0	0	0	0	0	0	0	0	0	0	0	0	0	0	0	0	0
k__Bacteria|p__Proteobacteria|c__Deltaproteobacteria	0	0	0	0	0.00038	0	0	0	0	0	0	0	0	0	0	0	0	0	0	0	0	0	0	0
k__Bacteria|p__Proteobacteria|c__Deltaproteobacteria|o__Desulfovibrionales	0	0	0	0	0.00038	0	0	0	0	0	0	0	0	0	0	0	0	0	0	0	0	0	0	0
k__Bacteria|p__Proteobacteria|c__Deltaproteobacteria|o__Desulfovibrionales|f__Desulfovibrionaceae	0	0	0	0	0.00038	0	0	0	0	0	0	0	0	0	0	0	0	0	0	0	0	0	0	0
k__Bacteria|p__Proteobacteria|c__Deltaproteobacteria|o__Desulfovibrionales|f__Desulfovibrionaceae|g__Bilophila	0	0	0	0	0.00038	0	0	0	0	0	0	0	0	0	0	0	0	0	0	0	0	0	0	0
k__Bacteria|p__Proteobacteria|c__Deltaproteobacteria|o__Desulfovibrionales|f__Desulfovibrionaceae|g__Bilophila|s__Bilophila_unclassified	0	0	0	0	0.00038	0	0	0	0	0	0	0	0	0	0	0	0	0	0	0	0	0	0	0
k__Bacteria|p__Proteobacteria|c__Gammaproteobacteria	14.95034	15.25021	8.68621	8.00352	14.78282	14.74571	10.07188	9.6301	9.47925	9.00168	1.64197	1.97379	9.05284	10.11165	3.62542	3.32764	4.00095	4.36539	2.24944	2.37542	3.93577	4.55603	3.87837	3.99193
k__Bacteria|p__Proteobacteria|c__Gammaproteobacteria|o__Enterobacteriales	14.95034	15.25021	8.68621	8.00352	14.78282	14.74571	10.07188	9.6301	9.47925	9.00168	1.64197	1.97379	9.05284	10.11165	3.62542	3.32764	4.00095	4.36539	2.24944	2.37542	3.93577	4.55603	3.87837	3.99193
k__Bacteria|p__Proteobacteria|c__Gammaproteobacteria|o__Enterobacteriales|f__Enterobacteriaceae	14.95034	15.25021	8.68621	8.00352	14.78282	14.74571	10.07188	9.6301	9.47925	9.00168	1.64197	1.97379	9.05284	10.11165	3.62542	3.32764	4.00095	4.36539	2.24944	2.37542	3.93577	4.55603	3.87837	3.99193
k__Bacteria|p__Proteobacteria|c__Gammaproteobacteria|o__Enterobacteriales|f__Enterobacteriaceae|g__Enterobacter	0.88266	0.94001	0.36853	0.57803	0.7904	0.55025	0.62442	0.59996	0	0	0	0	0	0	0	0	0	0	0	0	0	0	0	0
k__Bacteria|p__Proteobacteria|c__Gammaproteobacteria|o__Enterobacteriales|f__Enterobacteriaceae|g__Enterobacter|s__Enterobacter_aerogenes	0.05342	0.07303	0.00683	0	0.04439	0.056	0.00341	0	0	0	0	0	0	0	0	0	0	0	0	0	0	0	0	0
k__Bacteria|p__Proteobacteria|c__Gammaproteobacteria|o__Enterobacteriales|f__Enterobacteriaceae|g__Enterobacter|s__Enterobacter_aerogenes|t__Enterobacter_aerogenes_unclassified	0.05342	0.07303	0.00683	0	0.04439	0.056	0.00341	0	0	0	0	0	0	0	0	0	0	0	0	0	0	0	0	0
k__Bacteria|p__Proteobacteria|c__Gammaproteobacteria|o__Enterobacteriales|f__Enterobacteriaceae|g__Enterobacter|s__Enterobacter_cloacae	0.82924	0.86698	0.3617	0.57803	0.74601	0.49425	0.621	0.59996	0	0	0	0	0	0	0	0	0	0	0	0	0	0	0	0
k__Bacteria|p__Proteobacteria|c__Gammaproteobacteria|o__Enterobacteriales|f__Enterobacteriaceae|g__Enterobacter|s__Enterobacter_cloacae|t__Enterobacter_cloacae_unclassified	0.82924	0.86698	0.3617	0.57803	0.74601	0.49425	0.621	0.59996	0	0	0	0	0	0	0	0	0	0	0	0	0	0	0	0
k__Bacteria|p__Proteobacteria|c__Gammaproteobacteria|o__Enterobacteriales|f__Enterobacteriaceae|g__Escherichia	9.57737	9.89256	6.41407	5.92077	9.91268	9.72223	7.68667	7.3103	0.01155	0.00726	1.57668	1.90277	0.02469	0.00714	3.53837	3.28985	4.00095	4.36539	2.24944	2.37542	3.93577	4.55603	3.87837	3.99193
k__Bacteria|p__Proteobacteria|c__Gammaproteobacteria|o__Enterobacteriales|f__Enterobacteriaceae|g__Escherichia|s__Escherichia_coli	7.19048	7.72694	4.09319	4.03537	6.9016	6.78801	4.45222	5.04018	0	0.00726	1.1856	1.34773	0.00496	0.00714	2.95138	2.45531	2.93708	2.95703	1.77488	1.73352	3.11744	3.11368	2.88159	2.55559
k__Bacteria|p__Proteobacteria|c__Gammaproteobacteria|o__Enterobacteriales|f__Enterobacteriaceae|g__Escherichia|s__Escherichia_coli|t__Escherichia_coli_unclassified	7.19048	7.72694	4.09319	4.03537	6.9016	6.78801	4.45222	5.04018	0	0.00726	1.1856	1.34773	0.00496	0.00714	2.95138	2.45531	2.93708	2.95703	1.77488	1.73352	3.11744	3.11368	2.88159	2.55559
k__Bacteria|p__Proteobacteria|c__Gammaproteobacteria|o__Enterobacteriales|f__Enterobacteriaceae|g__Escherichia|s__Escherichia_unclassified	2.38689	2.16562	2.32089	1.88541	3.01108	2.93421	3.23445	2.27012	0.01155	0	0.39109	0.55504	0.01973	0	0.58699	0.83453	1.06387	1.40836	0.47456	0.6419	0.81833	1.44235	0.99679	1.43634
k__Bacteria|p__Proteobacteria|c__Gammaproteobacteria|o__Enterobacteriales|f__Enterobacteriaceae|g__Klebsiella	4.49031	4.41765	1.90361	1.50472	4.07974	4.47324	1.76079	1.71985	9.4677	8.99442	0.06528	0.07103	9.02815	10.10451	0.08705	0.03779	0	0	0	0	0	0	0	0
k__Bacteria|p__Proteobacteria|c__Gammaproteobacteria|o__Enterobacteriales|f__Enterobacteriaceae|g__Klebsiella|s__Klebsiella_oxytoca	0.07189	0.0617	0.01663	0.012	0.05983	0.0648	0.01029	0.00095	0	0	0	0	0	0	0	0	0	0	0	0	0	0	0	0
k__Bacteria|p__Proteobacteria|c__Gammaproteobacteria|o__Enterobacteriales|f__Enterobacteriaceae|g__Klebsiella|s__Klebsiella_oxytoca|t__Klebsiella_oxytoca_unclassified	0.07189	0.0617	0.01663	0.012	0.05983	0.0648	0.01029	0.00095	0	0	0	0	0	0	0	0	0	0	0	0	0	0	0	0
k__Bacteria|p__Proteobacteria|c__Gammaproteobacteria|o__Enterobacteriales|f__Enterobacteriaceae|g__Klebsiella|s__Klebsiella_pneumoniae	4.41842	4.35595	1.88698	1.49272	4.01991	4.40844	1.7505	1.7189	9.4677	8.99442	0.0468	0.05187	9.02815	10.10451	0.08705	0.02399	0	0	0	0	0	0	0	0
k__Bacteria|p__Proteobacteria|c__Gammaproteobacteria|o__Enterobacteriales|f__Enterobacteriaceae|g__Klebsiella|s__Klebsiella_pneumoniae|t__Klebsiella_pneumoniae_unclassified	4.41842	4.35595	1.88698	1.49272	4.01991	4.40844	1.7505	1.7189	9.4677	8.99442	0.0468	0.05187	9.02815	10.10451	0.08705	0.02399	0	0	0	0	0	0	0	0
k__Bacteria|p__Proteobacteria|c__Gammaproteobacteria|o__Enterobacteriales|f__Enterobacteriaceae|g__Klebsiella|s__Klebsiella_unclassified	0	0	0	0	0	0	0	0	0	0	0.01849	0.01916	0	0	0	0.0138	0	0	0	0	0	0	0	0
k__Bacteria|p__Verrucomicrobia	0	0	0	0	0	0	0	0	0	0	0	0	0	0	0	0	0.01691	0.02415	0.01381	0.01137	0.01802	0.01439	0.02171	0.02081
k__Bacteria|p__Verrucomicrobia|c__Verrucomicrobiae	0	0	0	0	0	0	0	0	0	0	0	0	0	0	0	0	0.01691	0.02415	0.01381	0.01137	0.01802	0.01439	0.02171	0.02081
k__Bacteria|p__Verrucomicrobia|c__Verrucomicrobiae|o__Verrucomicrobiales	0	0	0	0	0	0	0	0	0	0	0	0	0	0	0	0	0.01691	0.02415	0.01381	0.01137	0.01802	0.01439	0.02171	0.02081
k__Bacteria|p__Verrucomicrobia|c__Verrucomicrobiae|o__Verrucomicrobiales|f__Verrucomicrobiaceae	0	0	0	0	0	0	0	0	0	0	0	0	0	0	0	0	0.01691	0.02415	0.01381	0.01137	0.01802	0.01439	0.02171	0.02081
k__Bacteria|p__Verrucomicrobia|c__Verrucomicrobiae|o__Verrucomicrobiales|f__Verrucomicrobiaceae|g__Akkermansia	0	0	0	0	0	0	0	0	0	0	0	0	0	0	0	0	0.01691	0.02415	0.01381	0.01137	0.01802	0.01439	0.02171	0.02081
k__Bacteria|p__Verrucomicrobia|c__Verrucomicrobiae|o__Verrucomicrobiales|f__Verrucomicrobiaceae|g__Akkermansia|s__Akkermansia_muciniphila	0	0	0	0	0	0	0	0	0	0	0	0	0	0	0	0	0.01691	0.02415	0.01381	0.01137	0.01802	0.01439	0.02171	0.02081
k__Bacteria|p__Verrucomicrobia|c__Verrucomicrobiae|o__Verrucomicrobiales|f__Verrucomicrobiaceae|g__Akkermansia|s__Akkermansia_muciniphila|t__GCF_000020225	0	0	0	0	0	0	0	0	0	0	0	0	0	0	0	0	0.01691	0.02415	0.01381	0.01137	0.01802	0.01439	0.02171	0.02081
k__Viruses	0.20786	0	8.30248	7.10549	0.00123	0	0	0	0	0	28.74138	20.37889	0	0	0	0	0	0	22.75625	20.87802	0	0	0	0
k__Viruses|p__Viruses_noname	0.20786	0	8.30248	7.10549	0.00123	0	0	0	0	0	28.74138	20.37889	0	0	0	0	0	0	22.75625	20.87802	0	0	0	0
k__Viruses|p__Viruses_noname|c__Viruses_noname	0.20786	0	8.30248	7.10549	0.00123	0	0	0	0	0	28.74138	20.37889	0	0	0	0	0	0	22.75625	20.87802	0	0	0	0
k__Viruses|p__Viruses_noname|c__Viruses_noname|o__Caudovirales	0.20786	0	8.30248	7.10549	0.00123	0	0	0	0	0	28.74138	20.37889	0	0	0	0	0	0	22.75625	20.87802	0	0	0	0
k__Viruses|p__Viruses_noname|c__Viruses_noname|o__Caudovirales|f__Myoviridae	0.20786	0	8.30248	7.10549	0.00123	0	0	0	0	0	28.74138	20.37889	0	0	0	0	0	0	22.75625	20.87802	0	0	0	0
k__Viruses|p__Viruses_noname|c__Viruses_noname|o__Caudovirales|f__Myoviridae|g__P2likeviruses	0.20624	0	0.0976	0	0	0	0	0	0	0	0	0	0	0	0	0	0	0	0	0	0	0	0	0
k__Viruses|p__Viruses_noname|c__Viruses_noname|o__Caudovirales|f__Myoviridae|g__P2likeviruses|s__Enterobacteria_phage_PsP3	0.20624	0	0.0976	0	0	0	0	0	0	0	0	0	0	0	0	0	0	0	0	0	0	0	0	0
k__Viruses|p__Viruses_noname|c__Viruses_noname|o__Caudovirales|f__Myoviridae|g__P2likeviruses|s__Enterobacteria_phage_PsP3|t__PRJNA14345	0.20624	0	0.0976	0	0	0	0	0	0	0	0	0	0	0	0	0	0	0	0	0	0	0	0	0
k__Viruses|p__Viruses_noname|c__Viruses_noname|o__Caudovirales|f__Myoviridae|g__Viunalikevirus	0.00162	0	8.20487	7.10549	0.00123	0	0	0	0	0	28.74138	20.37889	0	0	0	0	0	0	22.75625	20.87802	0	0	0	0
k__Viruses|p__Viruses_noname|c__Viruses_noname|o__Caudovirales|f__Myoviridae|g__Viunalikevirus|s__Viunalikevirus_unclassified	0.00162	0	8.20487	7.10549	0.00123	0	0	0	0	0	28.74138	20.37889	0	0	0	0	0	0	22.75625	20.87802	0	0	0	0
